NODC_CODE,RACE,BASE_NAME,PREDATOR,Model,juv_cm,adu_1,adu_2,adu_3,a_l_mm_g,b_l_mm_g,vb_linf_mm,vb_k,vb_t0,CA,CB,C_TM,C_T0,C_Q
8791030701,21740,Gadus chalcogrammus (walleye pollock),Walleye_pollock,WGOA,10,25,40,55,6.05E-06,3.036241818,597.76,3.27E-01,-2.34E-01,0.119,-0.46,15,10,2.6
8791030401,21720,Gadus macrocephalus (Pacific cod),Pacific_cod,EBS,20,30,60,85,4.49E-06,3.1362,1132.898349,0.141928441,-0.446310795,0.041,-0.122,21,13.7,2.41
8857041901,10120,Hippoglossus stenolepis (Pacific halibut),Pacific_halibut,EBS,20,50,70,9999,3.90E-06,3.1645,2222.880462,5.80E-02,-4.49E-01,0.0625,-0.1076,18,12.97,3.084
8791030701,21740,Gadus chalcogrammus (walleye pollock),Walleye_pollock,EBS,20,40,55,9999,5.63E-06,3.0434,631.1601677,0.296187725,0.04532145,0.119,-0.46,15,10,2.6
8857040102,10110,Atheresthes stomias (arrowtooth flounder),Arrowtooth_flounder,EBS,20,30,50,9999,3.69E-06,3.1404,770.745226,0.111232011,-0.842171099,0.125,-0.199,26,20.512,2.497
8791030401,21720,Gadus macrocephalus (Pacific cod),Pacific_cod,NBS,20,30,60,85,4.49E-06,3.1362,1132.898349,0.141928441,-0.446310795,0.041,-0.122,21,13.7,2.41
8857041901,10120,Hippoglossus stenolepis (Pacific halibut),Pacific_halibut,NBS,20,50,70,9999,3.90E-06,3.1645,2222.880462,5.80E-02,-4.49E-01,0.0625,-0.1076,18,12.97,3.084
8791030701,21740,Gadus chalcogrammus (walleye pollock),Walleye_pollock,NBS,20,40,55,9999,5.63E-06,3.0434,631.1601677,0.296187725,0.04532145,0.119,-0.46,15,10,2.6
8857040102,10110,Atheresthes stomias (arrowtooth flounder),Arrowtooth_flounder,NBS,20,30,50,9999,3.69E-06,3.1404,770.745226,0.111232011,-0.842171099,0.125,-0.199,26,20.512,2.497
